{
  "project_info": {
    "project_number": "1039217101037",
    "project_id": "krishi-setu-kburyg",
    "storage_bucket": "krishi-setu-kburyg.appspot.com"
  },
  "client": [
    {
      "client_info": {
        "mobilesdk_app_id": "1:1039217101037:android:6241eb846e0955839e64e4",
        "android_client_info": {
          "package_name": "com.mycompany.krishisetu"
        }
      },
      "oauth_client": [],
      "api_key": [
        {
          "current_key": "AIzaSyCi_6P2wNCx_Ne0lL_t6Ryn6zl-o3EzmM0"
        }
      ],
      "services": {
        "appinvite_service": {
          "other_platform_oauth_client": []
        }
      }
    }
  ],
  "configuration_version": "1"
}